0,1,2,3
"""#15SecondScare""","Coventry, West Midlands, England, UK",52.4081812,-1.510477
"""#15SecondScare""",UK,54.7023545,-3.2765753
"""#15SecondScare""",USA,39.7837304,-100.445882
"""#15SecondScare""","West Hills, California, USA",34.2032325,-118.645476
"""#15SecondScare""",USA,39.7837304,-100.445882
"""#15SecondScare""","West Hills, California, USA",34.2032325,-118.645476
"""#DearGeorgette""","New York City, New York, USA",40.7127281,-74.0060152
"""#DearGeorgette""",USA,39.7837304,-100.445882
"""#KateConwayisaJerk""","Toronto, Ontario, Canada",43.6534817,-79.3839347
"""#KateConwayisaJerk""","Toronto, Ontario, Canada",43.6534817,-79.3839347
"""#KateConwayisaJerk""","Toronto, Ontario, Canada",43.6534817,-79.3839347
"""#KateConwayisaJerk""","Gooderham Building, 49 Wellington Street East, Toronto, Ontario, Canada",43.648366800000005,-79.37439532076982
"""#KateConwayisaJerk""","Toronto, Ontario, Canada",43.6534817,-79.3839347
"""#KateConwayisaJerk""","Broadview Avenue, Toronto, Ontario, Canada",43.657091,-79.3490907
"""#KateConwayisaJerk""","Toronto, Ontario, Canada",43.6534817,-79.3839347
"""#Millennials""",USA,39.7837304,-100.445882
"""#Millennials""","Los Angeles, California, USA",34.0536909,-118.242766
"""#MommasGotBars""","Brooklyn, New York, USA",40.6526006,-73.9497211
"""#MommasGotBars""",USA,39.7837304,-100.445882
"""$tripped""",USA,39.7837304,-100.445882
"""$tripped""",USA,39.7837304,-100.445882
"""$tripped""",USA,39.7837304,-100.445882
"""$tripped""",USA,39.7837304,-100.445882
"""1/4 Mermaid""",USA,39.7837304,-100.445882
"""1/4 Mermaid""","Los Angeles, California, USA",34.0536909,-118.242766
"""1/4 Mermaid""",USA,39.7837304,-100.445882
"""1/4 Mermaid""","Cypress, California, USA",33.8248235,-118.0399368
"""10,000 BC""",Bulgaria,42.6073975,25.4856617
"""100 Frogs""","New York City, New York, USA",40.7127281,-74.0060152
"""100 Frogs""",USA,39.7837304,-100.445882
"""100 Frogs""","Bronx, New York City, New York, USA",40.8466508,-73.8785937
"""100 Frogs""","Manhattan, New York City, New York, USA",40.7896239,-73.9598939
"""100 Frogs""","New York City, New York, USA",40.7127281,-74.0060152
"""100 Frogs""",USA,39.7837304,-100.445882
"""12 Monkeys""","Detroit, Michigan, USA",42.3315509,-83.0466403
"""12 Monkeys""",USA,39.7837304,-100.445882
"""12 Monkeys""","Cinespace Studios, Toronto, Ontario, Canada",43.6300234,-79.52817571309554
"""12 Monkeys""","Toronto, Ontario, Canada",43.6534817,-79.3839347
"""12 Monkeys""","Vaughan, Ontario, Canada",43.7941544,-79.5268023
"""12 Monkeys""","Toronto, Ontario, Canada",43.6534817,-79.3839347
"""12 Monkeys""","Hamilton, Ontario, Canada",43.2560802,-79.8728583
"""12 Monkeys""","Uxbridge, Ontario, Canada",44.1088502,-79.1226768
"""12 Monkeys""","Detroit, Michigan, USA",42.3315509,-83.0466403
"""12 Monkeys""",USA,39.7837304,-100.445882
"""12 Monkeys""","Detroit Institute of Arts Museum, Detroit, Michigan, USA",42.3595105,-83.06452586249985
"""12 Monkeys""",Macedonia,41.6171214,21.7168387
"""12 Monkeys""","Prague, Czech Republic",50.0874654,14.4212535
"""12 Monkeys""","St. Vitus Cathedral, Prague, Czech Republic",50.09086385,14.40057198099588
"""12 Monkeys""","Prague, Czech Republic",50.0874654,14.4212535
"""12 Monkeys""",Macedonia,41.6171214,21.7168387
"""12 Monkeys""","Kratovo, Macedonia",42.079261,22.1802182
"""12 Monkeys""",Macedonia,41.6171214,21.7168387
"""12 Monkeys""","Budapest, Hungary",47.4979937,19.0403594
"""12 Monkeys""","Budapest, Hungary",47.4979937,19.0403594
"""12 Monkeys""",Macedonia,41.6171214,21.7168387
"""120 Seconds""",USA,39.7837304,-100.445882
"""120 Seconds""","Los Angeles, California, USA",34.0536909,-118.242766
"""120 Seconds""",USA,39.7837304,-100.445882
"""120 Seconds""","Los Angeles, California, USA",34.0536909,-118.242766
"""120 Seconds""","Hollywood, Los Angeles, California, USA",34.0980031,-118.329523
"""120 Seconds""","Hollywood Roosevelt Hotel - 7000 Hollywood Blvd., Hollywood, Los Angeles, California, USA",34.100968050000006,-118.34181478202902
"""120 Seconds""",USA,39.7837304,-100.445882
"""120 Seconds""","Los Angeles, California, USA",34.0536909,-118.242766
"""120 Seconds""",USA,39.7837304,-100.445882
"""120 Seconds""","Los Angeles, California, USA",34.0536909,-118.242766
"""120 Seconds""",USA,39.7837304,-100.445882
"""120 Seconds""","Austin, Texas, USA",30.2711286,-97.7436995
"""120 Seconds""","Madison Square Garden, New York City, New York, USA",40.750512900000004,-73.99351594545152
"""120 Seconds""","New York City, New York, USA",40.7127281,-74.0060152
"""120 Seconds""",USA,39.7837304,-100.445882
"""120 Seconds""",USA,39.7837304,-100.445882
"""120 Seconds""","Austin, Texas, USA",30.2711286,-97.7436995
"""120 Seconds""","Hollywood, California, USA",34.0980031,-118.329523
"""120 Seconds""",USA,39.7837304,-100.445882
"""120 Seconds""",USA,39.7837304,-100.445882
"""120 Seconds""","Los Angeles, California, USA",34.0536909,-118.242766
"""120 Seconds""",USA,39.7837304,-100.445882
"""120 Seconds""","Los Angeles, California, USA",34.0536909,-118.242766
"""120 Seconds""","Bootleg Theater - 2220 Beverly Boulevard, Westlake, Los Angeles, California, USA",34.0672037,-118.2721626208771
"""13mil""","Barcelona, Catalonia, Spain",41.3828939,2.1774322
"""13mil""","Barcelona, Catalonia, Spain",41.3828939,2.1774322
"""13mil""","Barcelona, Catalonia, Spain",41.3828939,2.1774322
"""13mil""","Barcelona, Catalonia, Spain",41.3828939,2.1774322
"""13mil""","Barcelona, Catalonia, Spain",41.3828939,2.1774322
"""13mil""","Barcelona, Catalonia, Spain",41.3828939,2.1774322
"""13mil""","Barcelona, Catalonia, Spain",41.3828939,2.1774322
"""13mil""","Barcelona, Catalonia, Spain",41.3828939,2.1774322
"""13mil""","Barcelona, Catalonia, Spain",41.3828939,2.1774322
"""1945: 12 St�dte, 12 Schicksale""",Netherlands,52.2288689,5.3214503
"""1945: 12 St�dte, 12 Schicksale""",Netherlands,52.2288689,5.3214503
"""1945: 12 St�dte, 12 Schicksale""","Nijmegen, Gelderland, Netherlands",51.842574850000005,5.838960628748229
"""1945: 12 St�dte, 12 Schicksale""","Wien, Austria",48.2083537,16.3725042
"""1945: 12 St�dte, 12 Schicksale""",Netherlands,52.2288689,5.3214503
"""1945: 12 St�dte, 12 Schicksale""","Rotterdam, Zuid-Holland, Netherlands",51.9244424,4.47775
"""1945: 12 St�dte, 12 Schicksale""","Amsterdam, Netherlands",52.3727598,4.8936041
"""1945: 12 St�dte, 12 Schicksale""",Netherlands,52.2288689,5.3214503
"""1945: 12 St�dte, 12 Schicksale""",Germany,51.0834196,10.4234469
"""1945: 12 St�dte, 12 Schicksale""","Bergen-Belsen, Niedersachsen, Germany",52.7580569,9.9117992
"""1945: 12 St�dte, 12 Schicksale""","Utrecht, Netherlands",52.080985600000005,5.12768396945229
"""1945: 12 St�dte, 12 Schicksale""",Netherlands,52.2288689,5.3214503
"""1945: 12 St�dte, 12 Schicksale""","Amsterdam, Netherlands",52.3727598,4.8936041
"""1945: 12 St�dte, 12 Schicksale""","Prinsengracht 263, Amsterdam, Netherlands",52.3749427,4.8843248
"""1945: 12 St�dte, 12 Schicksale""",Netherlands,52.2288689,5.3214503
"""1945: 12 St�dte, 12 Schicksale""",Germany,51.0834196,10.4234469
"""1945: 12 St�dte, 12 Schicksale""","Buchenwald, Weimar, Thuringia, Germany",51.0195868,11.2508336
"""1945: 12 St�dte, 12 Schicksale""",Poland,52.215933,19.134422
"""1945: 12 St�dte, 12 Schicksale""","Augsburg, Bavaria, Germany",48.3668041,10.8986971
"""1945: 12 St�dte, 12 Schicksale""",Germany,51.0834196,10.4234469
"""1945: 12 St�dte, 12 Schicksale""",Poland,52.215933,19.134422
"""1945: 12 St�dte, 12 Schicksale""","Auschwitz-Birkenau Concentration Camp, Oswiecim, Malopolskie, Poland",50.03890605,19.171298357759902
"""1945: 12 St�dte, 12 Schicksale""",Germany,51.0834196,10.4234469
"""1945: 12 St�dte, 12 Schicksale""","Buchenwald, Weimar, Thuringia, Germany",51.0195868,11.2508336
"""1945: 12 St�dte, 12 Schicksale""",Germany,51.0834196,10.4234469
"""1945: 12 St�dte, 12 Schicksale""",Germany,51.0834196,10.4234469
"""1945: 12 St�dte, 12 Schicksale""","Dachau, Bavaria, Germany",48.2592477,11.4354419
"""1945: 12 St�dte, 12 Schicksale""",Germany,51.0834196,10.4234469
"""1945: 12 St�dte, 12 Schicksale""","Nordhausen, Thuringia, Germany",51.5051574,10.7925317
"""1945: 12 St�dte, 12 Schicksale""","Dillingen an der Donau, Bavaria, Germany",48.5812547,10.4951425
"""1945: 12 St�dte, 12 Schicksale""",Germany,51.0834196,10.4234469
"""1945: 12 St�dte, 12 Schicksale""",Germany,51.0834196,10.4234469
"""1945: 12 St�dte, 12 Schicksale""","Ohrdruf, Thuringia, Germany",50.8270085,10.7319499
"""1945: 12 St�dte, 12 Schicksale""",Germany,51.0834196,10.4234469
"""1945: 12 St�dte, 12 Schicksale""",Germany,51.0834196,10.4234469
"""1945: 12 St�dte, 12 Schicksale""","Bergen-Belsen, Niedersachsen, Germany",52.7580569,9.9117992
"""1945: 12 St�dte, 12 Schicksale""",Germany,51.0834196,10.4234469
"""1945: 12 St�dte, 12 Schicksale""","Asbach, Hessen, Germany",49.7768463,8.7687733
"""1945: 12 St�dte, 12 Schicksale""","Bad Hersfeld, Hessen, Germany",50.8681341,9.7068481
"""1945: 12 St�dte, 12 Schicksale""",Germany,51.0834196,10.4234469
"""1945: 12 St�dte, 12 Schicksale""","Merseburg, Saxony-Anhalt, Germany",51.3564413,11.996148
"""1945: 12 St�dte, 12 Schicksale""",Germany,51.0834196,10.4234469
"""1945: 12 St�dte, 12 Schicksale""",Germany,51.0834196,10.4234469
"""1945: 12 St�dte, 12 Schicksale""",Germany,51.0834196,10.4234469
"""1945: 12 St�dte, 12 Schicksale""","Eisenach, Thuringia, Germany",50.9747134,10.3193565
"""1945: 12 St�dte, 12 Schicksale""",Germany,51.0834196,10.4234469
"""1945: 12 St�dte, 12 Schicksale""",Germany,51.0834196,10.4234469
"""1945: 12 St�dte, 12 Schicksale""","Korbach, Hessen, Germany",51.2743649,8.8720648
"""1945: 12 St�dte, 12 Schicksale""",Germany,51.0834196,10.4234469
"""1945: 12 St�dte, 12 Schicksale""",Germany,51.0834196,10.4234469
"""1945: 12 St�dte, 12 Schicksale""","Remagen, Rhineland-Palatinate, Germany",50.5792112,7.2286788
"""1945: 12 St�dte, 12 Schicksale""","Mainz, Rhineland-Palatinate, Germany",50.0012314,8.2762513
"""1945: 12 St�dte, 12 Schicksale""",Germany,51.0834196,10.4234469
"""1945: 12 St�dte, 12 Schicksale""",Germany,51.0834196,10.4234469
"""1945: 12 St�dte, 12 Schicksale""",Germany,51.0834196,10.4234469
"""1945: 12 St�dte, 12 Schicksale""","Berlin, Germany",52.5170365,13.3888599
"""1945: 12 St�dte, 12 Schicksale""","Potsdam, Brandenburg, Germany",52.4009309,13.0591397
"""1945: 12 St�dte, 12 Schicksale""",Germany,51.0834196,10.4234469
"""1945: 12 St�dte, 12 Schicksale""",Germany,51.0834196,10.4234469
"""1945: 12 St�dte, 12 Schicksale""",Germany,51.0834196,10.4234469
"""1945: 12 St�dte, 12 Schicksale""","Dahlem, Berlin, Germany",52.4573805,13.2810976
"""1945: 12 St�dte, 12 Schicksale""","Berlin, Germany",52.5170365,13.3888599
"""1945: 12 St�dte, 12 Schicksale""",Germany,51.0834196,10.4234469
"""1945: 12 St�dte, 12 Schicksale""","Seelow, Brandenburg, Germany",52.5318238,14.380704
"""1945: 12 St�dte, 12 Schicksale""",Netherlands,52.2288689,5.3214503
"""1945: 12 St�dte, 12 Schicksale""","Enschede, Overijssel, Netherlands",52.2209855,6.8940537
"""1945: 12 St�dte, 12 Schicksale""","Aue, Saxony, Germany",50.599558900000005,12.708984078483024
"""1945: 12 St�dte, 12 Schicksale""",Germany,51.0834196,10.4234469
"""1945: 12 St�dte, 12 Schicksale""",Germany,51.0834196,10.4234469
"""1945: 12 St�dte, 12 Schicksale""","Chemnitz, Saxony, Germany",50.8322608,12.9252977
"""1945: 12 St�dte, 12 Schicksale""",Germany,51.0834196,10.4234469
"""1945: 12 St�dte, 12 Schicksale""","Braunschweig, Lower Saxony, Germany",52.2646577,10.5236066
"""1945: 12 St�dte, 12 Schicksale""","Warsaw, Mazowieckie, Poland",52.2319581,21.0067249
"""1945: 12 St�dte, 12 Schicksale""",Poland,52.215933,19.134422
"""1945: 12 St�dte, 12 Schicksale""","Bramfeld, Hamburg, Germany",53.616809,10.0790012
"""1945: 12 St�dte, 12 Schicksale""","Hamburg, Germany",53.550341,10.000654
"""1945: 12 St�dte, 12 Schicksale""",Germany,51.0834196,10.4234469
"""1945: 12 St�dte, 12 Schicksale""","Birmingham, West Midlands, England, UK",52.4796992,-1.9026911
"""1945: 12 St�dte, 12 Schicksale""",UK,54.7023545,-3.2765753
"""1945: 12 St�dte, 12 Schicksale""",Germany,51.0834196,10.4234469
"""1945: 12 St�dte, 12 Schicksale""","Hamburg, Germany",53.550341,10.000654
"""1945: 12 St�dte, 12 Schicksale""",Germany,51.0834196,10.4234469
"""1945: 12 St�dte, 12 Schicksale""","Coventry, West Midlands, England, UK",52.4081812,-1.510477
"""1945: 12 St�dte, 12 Schicksale""",UK,54.7023545,-3.2765753
"""1945: 12 St�dte, 12 Schicksale""","Peine, Niedersachsen, Germany",52.3117289,10.251904013552373
"""1945: 12 St�dte, 12 Schicksale""",Germany,51.0834196,10.4234469
"""1945: 12 St�dte, 12 Schicksale""","Moorweide, Hamburg, Germany",53.56267875,9.991814627931811
"""1945: 12 St�dte, 12 Schicksale""","Hamburg, Germany",53.550341,10.000654
"""1945: 12 St�dte, 12 Schicksale""",Germany,51.0834196,10.4234469
"""1945: 12 St�dte, 12 Schicksale""","Cologne, Westphalia, Germany",50.938361,6.959974
"""1945: 12 St�dte, 12 Schicksale""",Germany,51.0834196,10.4234469
"""1945: 12 St�dte, 12 Schicksale""",Germany,51.0834196,10.4234469
"""1945: 12 St�dte, 12 Schicksale""",Germany,51.0834196,10.4234469
"""1945: 12 St�dte, 12 Schicksale""","Mengenich, Westphalia, Germany",50.9807288,6.8601344
"""1945: 12 St�dte, 12 Schicksale""",Germany,51.0834196,10.4234469
"""1945: 12 St�dte, 12 Schicksale""",Germany,51.0834196,10.4234469
"""1945: 12 St�dte, 12 Schicksale""","Leipzig, Germany",51.3406321,12.3747329
"""1945: 12 St�dte, 12 Schicksale""",Germany,51.0834196,10.4234469
"""1945: 12 St�dte, 12 Schicksale""","Torgau, Saxony, Germany",51.5581272,13.0046538
"""1945: 12 St�dte, 12 Schicksale""",Germany,51.0834196,10.4234469
"""1945: 12 St�dte, 12 Schicksale""",Germany,51.0834196,10.4234469
"""1945: 12 St�dte, 12 Schicksale""","Halle, Saxony-Anhalt, Germany",51.4825041,11.9705452
"""1945: 12 St�dte, 12 Schicksale""","Breslau, Poland",51.1089776,17.0326689
"""1945: 12 St�dte, 12 Schicksale""",Poland,52.215933,19.134422
"""1945: 12 St�dte, 12 Schicksale""",Germany,51.0834196,10.4234469
"""1945: 12 St�dte, 12 Schicksale""","Wurzen, Saxony, Germany",51.37138245,12.748182292058097
"""1945: 12 St�dte, 12 Schicksale""",Germany,51.0834196,10.4234469
"""1945: 12 St�dte, 12 Schicksale""",Germany,51.0834196,10.4234469
"""1945: 12 St�dte, 12 Schicksale""","Plagwitz, Leipzig, Sachsen, Germany",51.3281994,12.3382998
"""1945: 12 St�dte, 12 Schicksale""",Germany,51.0834196,10.4234469
"""1945: 12 St�dte, 12 Schicksale""",Germany,51.0834196,10.4234469
"""1945: 12 St�dte, 12 Schicksale""",Germany,51.0834196,10.4234469
"""1945: 12 St�dte, 12 Schicksale""",Poland,52.215933,19.134422
"""1945: 12 St�dte, 12 Schicksale""",Germany,51.0834196,10.4234469
"""1945: 12 St�dte, 12 Schicksale""","Munich, Bavaria, Germany",48.1371079,11.5753822
"""1945: 12 St�dte, 12 Schicksale""","Linz, Upper Austria, Austria",48.3059078,14.286198
"""1945: 12 St�dte, 12 Schicksale""","Vienna, Austria",48.2083537,16.3725042
"""1945: 12 St�dte, 12 Schicksale""","Braunau am Inn, Upper Austria, Austria",48.253136,13.039506
"""1945: 12 St�dte, 12 Schicksale""","Salzburg, Austria",47.7981346,13.0464806
"""1945: 12 St�dte, 12 Schicksale""",Germany,51.0834196,10.4234469
"""1945: 12 St�dte, 12 Schicksale""","Munich, Bavaria, Germany",48.1371079,11.5753822
"""1945: 12 St�dte, 12 Schicksale""",Russia,64.6863136,97.7453061
"""1945: 12 St�dte, 12 Schicksale""","Volgograd, Russia",48.7081906,44.5153353
"""1945: 12 St�dte, 12 Schicksale""","Obersalzberg, Berchtesgaden, Bavaria, Germany",47.6307002,13.0417664
"""1945: 12 St�dte, 12 Schicksale""",Germany,51.0834196,10.4234469
"""1945: 12 St�dte, 12 Schicksale""",Poland,52.215933,19.134422
"""1945: 12 St�dte, 12 Schicksale""","Auschwitz-Birkenau Concentration Camp, Oswiecim, Malopolskie, Poland",50.03890605,19.171298357759902
"""1945: 12 St�dte, 12 Schicksale""",Germany,51.0834196,10.4234469
"""1945: 12 St�dte, 12 Schicksale""","Berlin, Germany",52.5170365,13.3888599
"""1945: 12 St�dte, 12 Schicksale""","Reichstag, Tiergarten, Berlin, Germany",52.5178005,13.3740257
"""1945: 12 St�dte, 12 Schicksale""",Germany,51.0834196,10.4234469
"""1945: 12 St�dte, 12 Schicksale""",Germany,51.0834196,10.4234469
"""1945: 12 St�dte, 12 Schicksale""",Germany,51.0834196,10.4234469
"""1945: 12 St�dte, 12 Schicksale""",Germany,51.0834196,10.4234469
"""1945: 12 St�dte, 12 Schicksale""",Germany,51.0834196,10.4234469
"""1945: 12 St�dte, 12 Schicksale""","Bayern, Germany",48.91752975,12.048021365471286
"""1945: 12 St�dte, 12 Schicksale""",Germany,51.0834196,10.4234469
"""1945: 12 St�dte, 12 Schicksale""","Bayern, Germany",48.91752975,12.048021365471286
"""1945: 12 St�dte, 12 Schicksale""",Germany,51.0834196,10.4234469
"""1945: 12 St�dte, 12 Schicksale""","Bayern, Germany",48.91752975,12.048021365471286
"""1945: 12 St�dte, 12 Schicksale""","Plzen, Czech Republic",49.7477415,13.3775249
"""1945: 12 St�dte, 12 Schicksale""","Prague, Czech Republic",50.0874654,14.4212535
"""1945: 12 St�dte, 12 Schicksale""","Gdansk, Pomorskie, Poland",54.3482908,18.6540231
"""1945: 12 St�dte, 12 Schicksale""",Poland,52.215933,19.134422
"""1945: 12 St�dte, 12 Schicksale""","Susice, Czech Republic",49.2313907,13.5204076
"""1945: 12 St�dte, 12 Schicksale""","Zatec, Czech Republic",50.3274423,13.545952
"""1945: 12 St�dte, 12 Schicksale""","Lidice, Czech Republic",50.1435834,14.1905224
"""1945: 12 St�dte, 12 Schicksale""","Postoloprty, Czech Republic",50.3600554,13.7028467
"""1945: 12 St�dte, 12 Schicksale""","Sopot, Pomorskie, Poland",54.44190905,18.54309444570447
"""1945: 12 St�dte, 12 Schicksale""",Poland,52.215933,19.134422
"""1945: 12 St�dte, 12 Schicksale""",Poland,52.215933,19.134422
"""1945: 12 St�dte, 12 Schicksale""","Copenhagen, Denmark",55.6867243,12.5700724
"""1945: 12 St�dte, 12 Schicksale""","Plauen, Saxony, Germany",50.4950632,12.1346523
"""1945: 12 St�dte, 12 Schicksale""",Germany,51.0834196,10.4234469
"""1945: 12 St�dte, 12 Schicksale""","Karlovy Vary, Czech Republic",50.2304694,12.8710769
"""1945: 12 St�dte, 12 Schicksale""",Poland,52.215933,19.134422
"""1945: 12 St�dte, 12 Schicksale""","Auschwitz-Birkenau Concentration Camp, Oswiecim, Malopolskie, Poland",50.03890605,19.171298357759902
"""1945: 12 St�dte, 12 Schicksale""",Germany,51.0834196,10.4234469
"""1945: 12 St�dte, 12 Schicksale""",Germany,51.0834196,10.4234469
"""1945: 12 St�dte, 12 Schicksale""","Sonthofen, Bavaria, Germany",47.5134055,10.2721524
"""1945: 12 St�dte, 12 Schicksale""",Germany,51.0834196,10.4234469
"""1945: 12 St�dte, 12 Schicksale""",Germany,51.0834196,10.4234469
"""1945: 12 St�dte, 12 Schicksale""","Vogelsang, Zehdenick, Brandenburg, Germany",53.0398986,13.384015761781972
"""1945: 12 St�dte, 12 Schicksale""",Germany,51.0834196,10.4234469
"""1945: 12 St�dte, 12 Schicksale""","Salzburg, Austria",47.7981346,13.0464806
"""1945: 12 St�dte, 12 Schicksale""",Germany,51.0834196,10.4234469
"""1945: 12 St�dte, 12 Schicksale""","Berlin, Germany",52.5170365,13.3888599
"""1945: 12 St�dte, 12 Schicksale""",Germany,51.0834196,10.4234469
"""1945: 12 St�dte, 12 Schicksale""","Wiesbaden, Hessen, Germany",50.0820384,8.2416556
"""1945: 12 St�dte, 12 Schicksale""",Germany,51.0834196,10.4234469
"""1945: 12 St�dte, 12 Schicksale""","Bielefeld, North Rhine-Westphalia, Germany",52.0191005,8.531007
"""1945: 12 St�dte, 12 Schicksale""",Germany,51.0834196,10.4234469
"""1945: 12 St�dte, 12 Schicksale""","Remagen, Rhineland-Palatinate, Germany",50.5792112,7.2286788
"""1945: 12 St�dte, 12 Schicksale""","Bonn, North Rhine-Westphalia, Germany",50.735851,7.10066
"""1945: 12 St�dte, 12 Schicksale""",Germany,51.0834196,10.4234469
"""1945: 12 St�dte, 12 Schicksale""","Friesenhagen, Rheinland-Pfalz, Germany",50.9034439,7.8084366
"""1945: 12 St�dte, 12 Schicksale""",Germany,51.0834196,10.4234469
"""1945: 12 St�dte, 12 Schicksale""",Russia,64.6863136,97.7453061
"""1iota Update""",USA,39.7837304,-100.445882
"""1iota Update""","Los Angeles, California, USA",34.0536909,-118.242766
"""1iota Update""",USA,39.7837304,-100.445882
"""1iota Update""","Los Angeles, California, USA",34.0536909,-118.242766
"""1iota Update""",USA,39.7837304,-100.445882
"""1iota Update""","Los Angeles, California, USA",34.0536909,-118.242766
"""1iota Update""",USA,39.7837304,-100.445882
"""1iota Update""","Los Angeles, California, USA",34.0536909,-118.242766
"""2 Old Goats on Hogs""",USA,39.7837304,-100.445882
"""2 Old Goats on Hogs""","Austin, Texas, USA",30.2711286,-97.7436995
"""2 Old Goats on Hogs""",USA,39.7837304,-100.445882
"""2 Old Goats on Hogs""","Kerrville, Texas, USA",30.0474688,-99.1400207
"""2 Old Goats on Hogs""",USA,39.7837304,-100.445882
"""2 Old Goats on Hogs""","Georgetown, Texas, USA",30.6326942,-97.6772311
"""2-Bit Review""",USA,39.7837304,-100.445882
"""2-Bit Review""","Avon, Indiana, USA",39.762010000000004,-86.39295386143169
"""2015 MTV Video Music Awards with People Magazine""",USA,39.7837304,-100.445882
"""2015 MTV Video Music Awards with People Magazine""","Los Angeles, California, USA",34.0536909,-118.242766
"""2015 MTV Video Music Awards with People Magazine""",USA,39.7837304,-100.445882
"""2015 MTV Video Music Awards with People Magazine""","Los Angeles, California, USA",34.0536909,-118.242766
"""2015 MTV Video Music Awards with People Magazine""",USA,39.7837304,-100.445882
"""2015 MTV Video Music Awards with People Magazine""","Los Angeles, California, USA",34.0536909,-118.242766
"""2015 MTV Video Music Awards with People Magazine""",USA,39.7837304,-100.445882
"""2015 MTV Video Music Awards with People Magazine""","Los Angeles, California, USA",34.0536909,-118.242766
"""2015 MTV Video Music Awards with People Magazine""",USA,39.7837304,-100.445882
"""2015 MTV Video Music Awards with People Magazine""","Los Angeles, California, USA",34.0536909,-118.242766
"""2015 MTV Video Music Awards with People Magazine""",USA,39.7837304,-100.445882
"""2015 MTV Video Music Awards with People Magazine""","Los Angeles, California, USA",34.0536909,-118.242766
"""2015 MTV Video Music Awards with People Magazine""",USA,39.7837304,-100.445882
"""2015 MTV Video Music Awards with People Magazine""","Los Angeles, California, USA",34.0536909,-118.242766
"""2015 MTV Video Music Awards with People Magazine""",USA,39.7837304,-100.445882
"""2015 MTV Video Music Awards with People Magazine""","Los Angeles, California, USA",34.0536909,-118.242766
"""2015 Stanley Cup Finals""","Chicago, Illinois, USA",41.8755616,-87.6244212
"""2015 Stanley Cup Finals""","United Center - 1901 W. Madison Street, Near West Side, Chicago, Illinois, USA",41.88068305,-87.67418510441388
"""2015 Stanley Cup Finals""",USA,39.7837304,-100.445882
"""2015 Stanley Cup Finals""",USA,39.7837304,-100.445882
"""2015 Stanley Cup Finals""","Amalie Arena - 401 Channelside Drive, Tampa, Florida, USA",27.942704,-82.45189031562487
"""2015 Stanley Cup Finals""","Florida, USA",27.7567667,-81.4639835
"""2015 World Series""",USA,39.7837304,-100.445882
"""2015 World Series""","Kauffman Stadium - 1 Royal Way, Kansas City, Missouri, USA",39.0514715,-94.48139730530374
"""2015 World Series""",USA,39.7837304,-100.445882
"""2015 World Series""","Kauffman Stadium - 1 Royal Way, Kansas City, Missouri, USA",39.0514715,-94.48139730530374
"""2015 World Series""",USA,39.7837304,-100.445882
"""2015 World Series""",USA,39.7837304,-100.445882
"""2030""","Tbilisi, Georgia",41.6934591,44.8014495
"""25 Again""",USA,39.7837304,-100.445882
"""25 Again""","Los Angeles, California, USA",34.0536909,-118.242766
"""27th Annual Miss Asia USA,11th Annual Mrs. Asia USA and 1st Annual Miss Europe Global Cultural Pageants""",USA,39.7837304,-100.445882
"""27th Annual Miss Asia USA,11th Annual Mrs. Asia USA and 1st Annual Miss Europe Global Cultural Pageants""","Redondo Beach Performing Arts Center, Redondo Beach, California, USA",33.88818965,-118.37733946441433
"""360@""",New Zealand,-41.5000831,172.8344077
"""360@""",Brazil,-10.3333333,-53.2
"""360@""",Italy,42.6384261,12.674297
"""360@""",USA,39.7837304,-100.445882
"""360@""",Mexico,23.6585116,-102.0077097
"""37 Problems""",USA,39.7837304,-100.445882
"""37 Problems""","Los Angeles, California, USA",34.0536909,-118.242766
"""3x3 the Immersive Fiction""","Paris, France",48.8588897,2.3200410217200766
"""3x3 the Immersive Fiction""",France,46.603354,1.8883335
"""5 Cents & the Boyz""","Dublin, Ireland",53.3497645,-6.2602732
"""5 minuts tard""","Barcelona, Catalonia, Spain",41.3828939,2.1774322
"""5. Halvleg""","Copenhagen, Denmark",55.6867243,12.5700724
"""5. Halvleg""","Nordisk Film, Valby, Copenhagen, Denmark",55.66789,12.5144393
"""52%""",UK,54.7023545,-3.2765753
"""52%""","Liverpool, England, UK",53.4071991,-2.99168
"""57, 58, 59, SECHZIG! Die L�wen-Dokumentation""",Germany,51.0834196,10.4234469
"""57, 58, 59, SECHZIG! Die L�wen-Dokumentation""","Kiel, Schleswig-Holstein, Germany",54.3227085,10.135555
"""6/6/66""","New York City, New York, USA",40.7127281,-74.0060152
"""6/6/66""",USA,39.7837304,-100.445882
"""7 Tods�nden""","Salzburg, Austria",47.7981346,13.0464806
"""773 the Go""","Chicago, Illinois, USA",41.8755616,-87.6244212
"""773 the Go""",USA,39.7837304,-100.445882
"""800 Words""",New Zealand,-41.5000831,172.8344077
"""800 Words""","Auckland, New Zealand",-36.852095,174.7631803
"""800 Words""","Sydney, New South Wales, Australia",-33.8548157,151.2164539
"""800 Words""",New Zealand,-41.5000831,172.8344077
"""800 Words""",New Zealand,-41.5000831,172.8344077
"""800 Words""","Warkworth, New Zealand",-36.3984914,174.6642316
"""800 Words""",New Zealand,-41.5000831,172.8344077
"""800 Words""","Kaipara College, 36 Rautawhiri Road, Helensville, New Zealand",-36.6787327,174.45956656115425
"""800 Words""","40 Queen Street, Warkworth, New Zealand",-36.397388,174.6642
"""800 Words""",New Zealand,-41.5000831,172.8344077
"""800 Words""","Warkworth, New Zealand",-36.3984914,174.6642316
"""800 Words""","11 Elizabeth St, Warkworth, New Zealand",-36.397456,174.661862
"""800 Words""",New Zealand,-41.5000831,172.8344077
"""800 Words""","Warkworth, New Zealand",-36.3984914,174.6642316
"""800 Words""","548 West Coast Road, Oratia, Auckland, New Zealand",-36.9082956,174.6292702
"""800 Words""",New Zealand,-41.5000831,172.8344077
"""800 Words""","Auckland, New Zealand",-36.852095,174.7631803
"""800 Words""","Broken Hill, New South Wales, Australia",-31.965,141.4511111
"""888.com World Grand Prix""","Venue Cymru, Llandudno, Conwy, Wales, UK",53.3218229,-3.8174049
"""888.com World Grand Prix""",UK,54.7023545,-3.2765753
"""888.com World Grand Prix""","Venue Cymru, Llandudno, Conwy, Wales, UK",53.3218229,-3.8174049
"""888.com World Grand Prix""",UK,54.7023545,-3.2765753
"""888.com World Grand Prix""","Venue Cymru, Llandudno, Conwy, Wales, UK",53.3218229,-3.8174049
"""888.com World Grand Prix""",UK,54.7023545,-3.2765753
"""888.com World Grand Prix""","Venue Cymru, Llandudno, Conwy, Wales, UK",53.3218229,-3.8174049
"""888.com World Grand Prix""",UK,54.7023545,-3.2765753
"""888.com World Grand Prix""","Venue Cymru, Llandudno, Conwy, Wales, UK",53.3218229,-3.8174049
"""888.com World Grand Prix""",UK,54.7023545,-3.2765753
"""888.com World Grand Prix""","Venue Cymru, Llandudno, Conwy, Wales, UK",53.3218229,-3.8174049
"""888.com World Grand Prix""",UK,54.7023545,-3.2765753
"""888.com World Grand Prix""","Venue Cymru, Llandudno, Conwy, Wales, UK",53.3218229,-3.8174049
"""888.com World Grand Prix""",UK,54.7023545,-3.2765753
"""888.com World Grand Prix""","Venue Cymru, Llandudno, Conwy, Wales, UK",53.3218229,-3.8174049
"""888.com World Grand Prix""",UK,54.7023545,-3.2765753
"""888.com World Grand Prix""","Venue Cymru, Llandudno, Conwy, Wales, UK",53.3218229,-3.8174049
"""888.com World Grand Prix""",UK,54.7023545,-3.2765753
"""888.com World Grand Prix""","Venue Cymru, Llandudno, Conwy, Wales, UK",53.3218229,-3.8174049
"""888.com World Grand Prix""",UK,54.7023545,-3.2765753
"""888.com World Grand Prix""","Venue Cymru, Llandudno, Conwy, Wales, UK",53.3218229,-3.8174049
"""888.com World Grand Prix""",UK,54.7023545,-3.2765753
"""888.com World Grand Prix""","Venue Cymru, Llandudno, Conwy, Wales, UK",53.3218229,-3.8174049
"""888.com World Grand Prix""",UK,54.7023545,-3.2765753
"""888.com World Grand Prix""","Venue Cymru, Llandudno, Conwy, Wales, UK",53.3218229,-3.8174049
"""888.com World Grand Prix""",UK,54.7023545,-3.2765753
"""888.com World Grand Prix""","Venue Cymru, Llandudno, Conwy, Wales, UK",53.3218229,-3.8174049
"""888.com World Grand Prix""",UK,54.7023545,-3.2765753
"""888.com World Grand Prix""","Venue Cymru, Llandudno, Conwy, Wales, UK",53.3218229,-3.8174049
"""888.com World Grand Prix""",UK,54.7023545,-3.2765753
"""888.com World Grand Prix""","Venue Cymru, Llandudno, Conwy, Wales, UK",53.3218229,-3.8174049
"""888.com World Grand Prix""",UK,54.7023545,-3.2765753
"""888.com World Grand Prix""","Venue Cymru, Llandudno, Conwy, Wales, UK",53.3218229,-3.8174049
"""888.com World Grand Prix""",UK,54.7023545,-3.2765753
"""888.com World Grand Prix""","Venue Cymru, Llandudno, Conwy, Wales, UK",53.3218229,-3.8174049
"""888.com World Grand Prix""",UK,54.7023545,-3.2765753
"""888.com World Grand Prix""","Venue Cymru, Llandudno, Conwy, Wales, UK",53.3218229,-3.8174049
"""888.com World Grand Prix""",UK,54.7023545,-3.2765753
"""888.com World Grand Prix""","Venue Cymru, Llandudno, Conwy, Wales, UK",53.3218229,-3.8174049
"""888.com World Grand Prix""",UK,54.7023545,-3.2765753
"""888.com World Grand Prix""","Venue Cymru, Llandudno, Conwy, Wales, UK",53.3218229,-3.8174049
"""888.com World Grand Prix""",UK,54.7023545,-3.2765753
"""888.com World Grand Prix""","Venue Cymru, Llandudno, Conwy, Wales, UK",53.3218229,-3.8174049
"""888.com World Grand Prix""",UK,54.7023545,-3.2765753
"""888.com World Grand Prix""","Venue Cymru, Llandudno, Conwy, Wales, UK",53.3218229,-3.8174049
"""888.com World Grand Prix""",UK,54.7023545,-3.2765753
"""888.com World Grand Prix""","Venue Cymru, Llandudno, Conwy, Wales, UK",53.3218229,-3.8174049
"""888.com World Grand Prix""",UK,54.7023545,-3.2765753
"""8MMM Aboriginal Radio""","Alice Springs, Northern Territory, Australia",-23.6983884,133.8812885
"""9-2-5""",USA,39.7837304,-100.445882
"""9-2-5""","Atlanta, Georgia, USA",33.7489924,-84.3902644
"""9-2-5""",USA,39.7837304,-100.445882
"""9-2-5""","Atlanta, Georgia, USA",33.7489924,-84.3902644
"""9-2-5""",USA,39.7837304,-100.445882
"""9-2-5""","Smyrna, Georgia, USA",33.883887,-84.5147454
"""A Book a City""","London, England, UK",51.5073219,-0.1276474
"""A Book a City""",UK,54.7023545,-3.2765753
"""A Book a City""","Paris, France",48.8588897,2.3200410217200766
"""A Book a City""",France,46.603354,1.8883335
"""A Book a City""",Germany,51.0834196,10.4234469
"""A Book a City""","Berlin, Germany",52.5170365,13.3888599
"""A Book a City""",Hong Kong,22.2793278,114.1628131
"""A Book a City""","Taipei, Taiwan",25.0375198,121.5636796
"""A Copa do Mundo no Recife""",Brazil,-10.3333333,-53.2
"""A Copa do Mundo no Recife""","Recife, Pernambuco, Brazil",-8.0584933,-34.8848193
"""A Dandelion Clock: Magellanic Clouds""","Dandenong Ranges, VIC, Australia",-37.8321508,145.3551849
"""A Dark Tale""",USA,39.7837304,-100.445882
"""A Dark Tale""","Los Angeles, California, USA",34.0536909,-118.242766
"""A Decade On""","Jersey Road Reserve, Artarmon, Australia",-33.8111607,151.1815262156884
"""A Game of Darts""","New York City, New York, USA",40.7127281,-74.0060152
"""A Game of Darts""",USA,39.7837304,-100.445882
"""A Gay and a Girl""","Toronto, Ontario, Canada",43.6534817,-79.3839347
"""A Is for Apple""","Ottawa, Ontario, Canada",45.4211435,-75.6900574
"""A Journey Through the Three Times Moving Trilogy""","London, England, UK",51.5073219,-0.1276474
"""A Journey Through the Three Times Moving Trilogy""",UK,54.7023545,-3.2765753
"""A Journey Through the Three Times Moving Trilogy""","London, England, UK",51.5073219,-0.1276474
"""A Journey Through the Three Times Moving Trilogy""",UK,54.7023545,-3.2765753
"""A Journey Through the Three Times Moving Trilogy""","London, England, UK",51.5073219,-0.1276474
"""A Journey Through the Three Times Moving Trilogy""",UK,54.7023545,-3.2765753
"""A Journey Through the Three Times Moving Trilogy""","London, England, UK",51.5073219,-0.1276474
"""A Journey Through the Three Times Moving Trilogy""",UK,54.7023545,-3.2765753
"""A Journey Through the Three Times Moving Trilogy""","London, England, UK",51.5073219,-0.1276474
"""A Journey Through the Three Times Moving Trilogy""",UK,54.7023545,-3.2765753
"""A Ladies' Guide to Making Conversation More Interesting""","Manhattan, New York City, New York, USA",40.7896239,-73.9598939
"""A Ladies' Guide to Making Conversation More Interesting""","New York City, New York, USA",40.7127281,-74.0060152
"""A Ladies' Guide to Making Conversation More Interesting""",USA,39.7837304,-100.445882
"""A Ladies' Guide to Making Conversation More Interesting""","Washington Heights, Manhattan, New York City, New York, USA",40.8401984,-73.9402214
"""A Ladies' Guide to Making Conversation More Interesting""","New York City, New York, USA",40.7127281,-74.0060152
"""A Ladies' Guide to Making Conversation More Interesting""",USA,39.7837304,-100.445882
"""A Ladies' Guide to Making Conversation More Interesting""","Woodside, Queens, New York City, New York, USA",40.7453798,-73.9054145
"""A Lesson Learnt""","Waltham Abbey, Essex, England, UK",51.6892068,-0.0009449
"""A Lesson Learnt""",UK,54.7023545,-3.2765753
"""A Lesson Learnt""","London, England, UK",51.5073219,-0.1276474
"""A Lesson Learnt""","Finsbury Park, London, England, UK",51.5648345,-0.1064144
"""A Lesson Learnt""",UK,54.7023545,-3.2765753
"""A Quinta""","Venda do Pinheiro, Portugal",38.9234466,-9.2318583
"""A Redheads Life""",USA,39.7837304,-100.445882
"""A Redheads Life""","Los Angeles, California, USA",34.0536909,-118.242766
"""A Southern Gentleman Reads Amazon Reviews""",USA,39.7837304,-100.445882
"""A Southern Gentleman Reads Amazon Reviews""","West College Corner, Indiana, USA",39.5675514,-84.8160671
"""A Very British Romance""","Steventon Church, Steventon, Hampshire, England, UK",51.2290733,-1.2159535
"""A Very British Romance""",UK,54.7023545,-3.2765753
"""A Very British Romance""",UK,54.7023545,-3.2765753
"""A Very British Romance""","Bath, Somerset, England, UK",51.3813864,-2.3596963
"""A Very British Romance""","Birmingham, West Midlands, England, UK",52.4796992,-1.9026911
"""A Very British Romance""","Library of Birmingham, Birmingham, West Midlands, England, UK",52.47968625,-1.9084782773901874
"""A Very British Romance""",UK,54.7023545,-3.2765753
"""A Very British Romance""","Assembly Rooms, Bath, Somerset, England, UK",51.3862376,-2.3628285
"""A Very British Romance""",UK,54.7023545,-3.2765753
"""A Very British Romance""","Bath, Somerset, England, UK",51.3813864,-2.3596963
"""A Very British Romance""","Gretna Green, Dumfries & Galloway, Scotland, UK",55.0049436,-3.0627342
"""A Very British Romance""",UK,54.7023545,-3.2765753
"""A Very British Romance""","Chawton House, Chawton, Hampshire, England, UK",51.12813795,-0.9884039365042543
"""A Very British Romance""",UK,54.7023545,-3.2765753
"""A Very British Romance""","Jane Austen's House Museum, Chawton, Hampshire, England, UK",51.1330749,-0.989069000736702
"""A Very British Romance""",UK,54.7023545,-3.2765753
"""A Weekend with Jacob Prasch""",USA,39.7837304,-100.445882
"""A Weekend with Jacob Prasch""",USA,39.7837304,-100.445882
"""A Weekend with Jacob Prasch""",USA,39.7837304,-100.445882
"""A World of Women""","London, England, UK",51.5073219,-0.1276474
"""A World of Women""",UK,54.7023545,-3.2765753
"""A job. A wife. A life.""","West Palm Beach, Florida, USA",26.715364,-80.0532942
"""A job. A wife. A life.""",USA,39.7837304,-100.445882
"""A job. A wife. A life.""","Palm Beach, Florida, USA",26.6279798,-80.4494174
"""A job. A wife. A life.""","Florida, USA",27.7567667,-81.4639835
"""A job. A wife. A life.""",USA,39.7837304,-100.445882
"""A job. A wife. A life.""","Palm Beach, Florida, USA",26.6279798,-80.4494174
"""A job. A wife. A life.""","Florida, USA",27.7567667,-81.4639835
"""A job. A wife. A life.""",USA,39.7837304,-100.445882
"""A job. A wife. A life.""","Boca Raton, Florida, USA",26.3586885,-80.0830984
"""A job. A wife. A life.""","Florida, USA",27.7567667,-81.4639835
"""A job. A wife. A life.""",USA,39.7837304,-100.445882
"""A job. A wife. A life.""","Palm Beach, Florida, USA",26.6279798,-80.4494174
"""A job. A wife. A life.""","Florida, USA",27.7567667,-81.4639835
"""A job. A wife. A life.""",USA,39.7837304,-100.445882
"""A job. A wife. A life.""","Boca Raton, Florida, USA",26.3586885,-80.0830984
"""A job. A wife. A life.""","Florida, USA",27.7567667,-81.4639835
"""A job. A wife. A life.""",USA,39.7837304,-100.445882
"""A job. A wife. A life.""","Palm Beach, Florida, USA",26.6279798,-80.4494174
"""A job. A wife. A life.""","Florida, USA",27.7567667,-81.4639835
"""A job. A wife. A life.""",USA,39.7837304,-100.445882
"""A job. A wife. A life.""","Boca Raton, Florida, USA",26.3586885,-80.0830984
"""A job. A wife. A life.""","Florida, USA",27.7567667,-81.4639835
"""A job. A wife. A life.""",USA,39.7837304,-100.445882
"""A job. A wife. A life.""","Palm Beach, Florida, USA",26.6279798,-80.4494174
"""A job. A wife. A life.""","Florida, USA",27.7567667,-81.4639835
"""A job. A wife. A life.""",USA,39.7837304,-100.445882
"""A job. A wife. A life.""","Boca Raton, Florida, USA",26.3586885,-80.0830984
"""A job. A wife. A life.""","Florida, USA",27.7567667,-81.4639835
"""A job. A wife. A life.""",USA,39.7837304,-100.445882
"""A job. A wife. A life.""","Palm Beach, Florida, USA",26.6279798,-80.4494174
"""A job. A wife. A life.""","Florida, USA",27.7567667,-81.4639835
"""A job. A wife. A life.""",USA,39.7837304,-100.445882
"""A job. A wife. A life.""","Boca Raton, Florida, USA",26.3586885,-80.0830984
"""A job. A wife. A life.""","Florida, USA",27.7567667,-81.4639835
"""A job. A wife. A life.""",USA,39.7837304,-100.445882
"""A job. A wife. A life.""","Palm Beach, Florida, USA",26.6279798,-80.4494174
"""A job. A wife. A life.""","Florida, USA",27.7567667,-81.4639835
"""A job. A wife. A life.""",USA,39.7837304,-100.445882
"""A job. A wife. A life.""","Boca Raton, Florida, USA",26.3586885,-80.0830984
"""A job. A wife. A life.""","Florida, USA",27.7567667,-81.4639835
"""A que no me dejas""","Televisa San Angel, Mexico City, Distrito Federal, Mexico",19.34476565,-99.20394733773142
"""A que no me dejas""",Mexico,23.6585116,-102.0077097
"""A que no me dejas""","Mexico City, Mexico",19.4326296,-99.1331785
"""A que no me dejas""",Mexico,23.6585116,-102.0077097
"""A que no me dejas""","Cancun, Quintana Roo, Mexico",21.1617854,-86.8510468
"""A que no me dejas""",Mexico,23.6585116,-102.0077097
"""A que no me dejas""","Cancun, Quintana Roo, Mexico",21.1617854,-86.8510468
"""A que no me dejas""",Mexico,23.6585116,-102.0077097
"""A que no me dejas""","Cancun, Quintana Roo, Mexico",21.1617854,-86.8510468
"""A que no me dejas""",Mexico,23.6585116,-102.0077097
"""A que no me dejas""","Cancun, Quintana Roo, Mexico",21.1617854,-86.8510468
"""A que no me dejas""",Mexico,23.6585116,-102.0077097
"""A que no me dejas""","Cancun, Quintana Roo, Mexico",21.1617854,-86.8510468
"""A que no me dejas""",Mexico,23.6585116,-102.0077097
"""A �nica Mulher""","Luanda, Angola",-8.8272699,13.2439512
"""A �nica Mulher""","Lisbon, Portugal",38.7077507,-9.1365919
"""A �nica Mulher""","Luanda, Angola",-8.8272699,13.2439512
"""A �nica Mulher""","Luanda, Angola",-8.8272699,13.2439512
"""A �nica Mulher""","Luanda, Angola",-8.8272699,13.2439512
"""A �nica Mulher""","Luanda, Angola",-8.8272699,13.2439512
"""A �nica Mulher""","Luanda, Angola",-8.8272699,13.2439512
"""A �nica Mulher""","Luanda, Angola",-8.8272699,13.2439512
"""A �nica Mulher""","Luanda, Angola",-8.8272699,13.2439512
"""A �nica Mulher""","Luanda, Angola",-8.8272699,13.2439512
"""A �nica Mulher""","Luanda, Angola",-8.8272699,13.2439512
"""A �nica Mulher""","Luanda, Angola",-8.8272699,13.2439512
"""A �nica Mulher""","Luanda, Angola",-8.8272699,13.2439512
"""A �nica Mulher""","Luanda, Angola",-8.8272699,13.2439512
"""A �nica Mulher""","Luanda, Angola",-8.8272699,13.2439512
"""A �nica Mulher""","Luanda, Angola",-8.8272699,13.2439512
"""A �nica Mulher""","Luanda, Angola",-8.8272699,13.2439512
"""A �nica Mulher""","Luanda, Angola",-8.8272699,13.2439512
"""A �nica Mulher""","Luanda, Angola",-8.8272699,13.2439512
"""A �nica Mulher""","Luanda, Angola",-8.8272699,13.2439512
"""A �nica Mulher""","Luanda, Angola",-8.8272699,13.2439512
"""A �nica Mulher""","Luanda, Angola",-8.8272699,13.2439512
"""A �nica Mulher""","Luanda, Angola",-8.8272699,13.2439512
"""A �nica Mulher""","Luanda, Angola",-8.8272699,13.2439512
"""A �nica Mulher""","Luanda, Angola",-8.8272699,13.2439512
"""A �nica Mulher""","Luanda, Angola",-8.8272699,13.2439512
"""A �nica Mulher""","Luanda, Angola",-8.8272699,13.2439512
"""A �nica Mulher""","Luanda, Angola",-8.8272699,13.2439512
"""A �nica Mulher""","Luanda, Angola",-8.8272699,13.2439512
"""A �nica Mulher""","Luanda, Angola",-8.8272699,13.2439512
"""A �nica Mulher""","Luanda, Angola",-8.8272699,13.2439512
"""A �nica Mulher""","Luanda, Angola",-8.8272699,13.2439512
"""A �nica Mulher""","Luanda, Angola",-8.8272699,13.2439512
"""A �nica Mulher""","Luanda, Angola",-8.8272699,13.2439512
"""A �nica Mulher""","Luanda, Angola",-8.8272699,13.2439512
"""A �nica Mulher""","Luanda, Angola",-8.8272699,13.2439512
"""A �nica Mulher""","Luanda, Angola",-8.8272699,13.2439512
"""A �nica Mulher""","Luanda, Angola",-8.8272699,13.2439512
"""A �nica Mulher""","Luanda, Angola",-8.8272699,13.2439512
"""A �nica Mulher""","Luanda, Angola",-8.8272699,13.2439512
"""A �nica Mulher""","Luanda, Angola",-8.8272699,13.2439512
"""A �nica Mulher""","Luanda, Angola",-8.8272699,13.2439512
"""A �nica Mulher""","Luanda, Angola",-8.8272699,13.2439512
"""A �nica Mulher""","Luanda, Angola",-8.8272699,13.2439512
"""A �nica Mulher""","Luanda, Angola",-8.8272699,13.2439512
"""A �nica Mulher""","Luanda, Angola",-8.8272699,13.2439512
"""A �nica Mulher""","Luanda, Angola",-8.8272699,13.2439512
"""A �nica Mulher""","Luanda, Angola",-8.8272699,13.2439512
"""A �nica Mulher""","Luanda, Angola",-8.8272699,13.2439512
"""A �nica Mulher""","Luanda, Angola",-8.8272699,13.2439512
"""A �nica Mulher""","Luanda, Angola",-8.8272699,13.2439512
"""A �nica Mulher""","Luanda, Angola",-8.8272699,13.2439512
"""A �nica Mulher""","Luanda, Angola",-8.8272699,13.2439512
"""A �nica Mulher""","Luanda, Angola",-8.8272699,13.2439512
"""A �nica Mulher""","Luanda, Angola",-8.8272699,13.2439512
"""A �nica Mulher""","Luanda, Angola",-8.8272699,13.2439512
"""A �nica Mulher""","Luanda, Angola",-8.8272699,13.2439512
"""A �nica Mulher""","Luanda, Angola",-8.8272699,13.2439512
"""A �nica Mulher""","Luanda, Angola",-8.8272699,13.2439512
"""A �nica Mulher""","Luanda, Angola",-8.8272699,13.2439512
"""A �nica Mulher""","Luanda, Angola",-8.8272699,13.2439512
"""A �nica Mulher""","Luanda, Angola",-8.8272699,13.2439512
"""A �nica Mulher""","Luanda, Angola",-8.8272699,13.2439512
"""A �nica Mulher""","Luanda, Angola",-8.8272699,13.2439512
"""A �nica Mulher""","Luanda, Angola",-8.8272699,13.2439512
"""A �nica Mulher""","Luanda, Angola",-8.8272699,13.2439512
"""A �nica Mulher""","Luanda, Angola",-8.8272699,13.2439512
"""A �nica Mulher""","Luanda, Angola",-8.8272699,13.2439512
"""A �nica Mulher""","Luanda, Angola",-8.8272699,13.2439512
"""A �nica Mulher""","Luanda, Angola",-8.8272699,13.2439512
"""A �nica Mulher""","Luanda, Angola",-8.8272699,13.2439512
"""A �nica Mulher""","Luanda, Angola",-8.8272699,13.2439512
"""A �nica Mulher""","Luanda, Angola",-8.8272699,13.2439512
"""A �nica Mulher""","Luanda, Angola",-8.8272699,13.2439512
"""A �nica Mulher""","Luanda, Angola",-8.8272699,13.2439512
"""A �nica Mulher""","Luanda, Angola",-8.8272699,13.2439512
"""A �nica Mulher""","Luanda, Angola",-8.8272699,13.2439512
"""A �nica Mulher""","Luanda, Angola",-8.8272699,13.2439512
"""A �nica Mulher""","Luanda, Angola",-8.8272699,13.2439512
"""A �nica Mulher""","Luanda, Angola",-8.8272699,13.2439512
"""A �nica Mulher""","Luanda, Angola",-8.8272699,13.2439512
"""A �nica Mulher""","Luanda, Angola",-8.8272699,13.2439512
"""A �nica Mulher""","Luanda, Angola",-8.8272699,13.2439512
"""A �nica Mulher""","Luanda, Angola",-8.8272699,13.2439512
"""A �nica Mulher""","Luanda, Angola",-8.8272699,13.2439512
"""A �nica Mulher""","Luanda, Angola",-8.8272699,13.2439512
"""A �nica Mulher""","Luanda, Angola",-8.8272699,13.2439512
"""A �nica Mulher""","Luanda, Angola",-8.8272699,13.2439512
"""A �nica Mulher""","Luanda, Angola",-8.8272699,13.2439512
"""A �nica Mulher""","Luanda, Angola",-8.8272699,13.2439512
"""A �nica Mulher""","Luanda, Angola",-8.8272699,13.2439512
"""A �nica Mulher""","Luanda, Angola",-8.8272699,13.2439512
"""A �nica Mulher""","Luanda, Angola",-8.8272699,13.2439512
"""A �nica Mulher""","Luanda, Angola",-8.8272699,13.2439512
"""A �nica Mulher""","Luanda, Angola",-8.8272699,13.2439512
"""A �nica Mulher""","Luanda, Angola",-8.8272699,13.2439512
"""A �nica Mulher""","Luanda, Angola",-8.8272699,13.2439512
"""A �nica Mulher""","Luanda, Angola",-8.8272699,13.2439512
"""A �nica Mulher""","Luanda, Angola",-8.8272699,13.2439512
"""A �nica Mulher""","Luanda, Angola",-8.8272699,13.2439512
"""A �nica Mulher""","Luanda, Angola",-8.8272699,13.2439512
"""A �nica Mulher""","Luanda, Angola",-8.8272699,13.2439512
"""A �nica Mulher""","Luanda, Angola",-8.8272699,13.2439512
"""A �nica Mulher""","Luanda, Angola",-8.8272699,13.2439512
"""A �nica Mulher""","Luanda, Angola",-8.8272699,13.2439512
"""A �nica Mulher""","Luanda, Angola",-8.8272699,13.2439512
"""A �nica Mulher""","Luanda, Angola",-8.8272699,13.2439512
"""A �nica Mulher""","Luanda, Angola",-8.8272699,13.2439512
"""A �nica Mulher""","Luanda, Angola",-8.8272699,13.2439512
"""A �nica Mulher""","Luanda, Angola",-8.8272699,13.2439512
"""A �nica Mulher""","Luanda, Angola",-8.8272699,13.2439512
"""A �nica Mulher""","Luanda, Angola",-8.8272699,13.2439512
"""A �nica Mulher""","Luanda, Angola",-8.8272699,13.2439512
"""A �nica Mulher""","Luanda, Angola",-8.8272699,13.2439512
"""A �nica Mulher""","Luanda, Angola",-8.8272699,13.2439512
"""A �nica Mulher""","Luanda, Angola",-8.8272699,13.2439512
"""A �nica Mulher""","Luanda, Angola",-8.8272699,13.2439512
"""A �nica Mulher""","Luanda, Angola",-8.8272699,13.2439512
"""A �nica Mulher""","Luanda, Angola",-8.8272699,13.2439512
"""A �nica Mulher""","Luanda, Angola",-8.8272699,13.2439512
"""A �nica Mulher""","Luanda, Angola",-8.8272699,13.2439512
"""A �nica Mulher""","Luanda, Angola",-8.8272699,13.2439512
"""A �nica Mulher""","Luanda, Angola",-8.8272699,13.2439512
"""A �nica Mulher""","Luanda, Angola",-8.8272699,13.2439512
"""A �nica Mulher""","Luanda, Angola",-8.8272699,13.2439512
"""A �nica Mulher""","Luanda, Angola",-8.8272699,13.2439512
"""A �nica Mulher""","Luanda, Angola",-8.8272699,13.2439512
"""A �nica Mulher""","Luanda, Angola",-8.8272699,13.2439512
"""A �nica Mulher""","Luanda, Angola",-8.8272699,13.2439512
"""A �nica Mulher""","Luanda, Angola",-8.8272699,13.2439512
"""A �nica Mulher""","Luanda, Angola",-8.8272699,13.2439512
"""A �nica Mulher""","Luanda, Angola",-8.8272699,13.2439512
"""A �nica Mulher""","Luanda, Angola",-8.8272699,13.2439512
"""A �nica Mulher""","Luanda, Angola",-8.8272699,13.2439512
"""A �nica Mulher""","Luanda, Angola",-8.8272699,13.2439512
"""A �nica Mulher""","Luanda, Angola",-8.8272699,13.2439512
"""A �nica Mulher""","Luanda, Angola",-8.8272699,13.2439512
"""A �nica Mulher""","Luanda, Angola",-8.8272699,13.2439512
"""A �nica Mulher""","Luanda, Angola",-8.8272699,13.2439512
"""A �nica Mulher""","Luanda, Angola",-8.8272699,13.2439512
"""A �nica Mulher""","Luanda, Angola",-8.8272699,13.2439512
"""A �nica Mulher""","Luanda, Angola",-8.8272699,13.2439512
"""A �nica Mulher""","Luanda, Angola",-8.8272699,13.2439512
"""A �nica Mulher""","Luanda, Angola",-8.8272699,13.2439512
"""A �nica Mulher""","Luanda, Angola",-8.8272699,13.2439512
"""A �nica Mulher""","Luanda, Angola",-8.8272699,13.2439512
"""A �nica Mulher""","Luanda, Angola",-8.8272699,13.2439512
"""A �nica Mulher""","Luanda, Angola",-8.8272699,13.2439512
"""A �nica Mulher""","Luanda, Angola",-8.8272699,13.2439512
"""A �nica Mulher""","Luanda, Angola",-8.8272699,13.2439512
"""A �nica Mulher""","Luanda, Angola",-8.8272699,13.2439512
"""A �nica Mulher""","Luanda, Angola",-8.8272699,13.2439512
"""A �nica Mulher""","Luanda, Angola",-8.8272699,13.2439512
"""A �nica Mulher""","Luanda, Angola",-8.8272699,13.2439512
"""A �nica Mulher""","Luanda, Angola",-8.8272699,13.2439512
"""A �nica Mulher""","Luanda, Angola",-8.8272699,13.2439512
"""A �nica Mulher""","Luanda, Angola",-8.8272699,13.2439512
"""A �nica Mulher""","Luanda, Angola",-8.8272699,13.2439512
"""A �nica Mulher""","Luanda, Angola",-8.8272699,13.2439512
"""A �nica Mulher""","Luanda, Angola",-8.8272699,13.2439512
"""A �nica Mulher""","Luanda, Angola",-8.8272699,13.2439512
"""A �nica Mulher""","Luanda, Angola",-8.8272699,13.2439512
"""A �nica Mulher""","Luanda, Angola",-8.8272699,13.2439512
"""A �nica Mulher""","Luanda, Angola",-8.8272699,13.2439512
"""A �nica Mulher""","Luanda, Angola",-8.8272699,13.2439512
"""A �nica Mulher""","Luanda, Angola",-8.8272699,13.2439512
"""A �nica Mulher""","Luanda, Angola",-8.8272699,13.2439512
"""A �nica Mulher""","Luanda, Angola",-8.8272699,13.2439512
"""A �nica Mulher""","Luanda, Angola",-8.8272699,13.2439512
"""A �nica Mulher""","Luanda, Angola",-8.8272699,13.2439512
"""A �nica Mulher""","Luanda, Angola",-8.8272699,13.2439512
"""A �nica Mulher""","Luanda, Angola",-8.8272699,13.2439512
"""A �nica Mulher""","Luanda, Angola",-8.8272699,13.2439512
"""A �nica Mulher""","Luanda, Angola",-8.8272699,13.2439512
"""A �nica Mulher""","Luanda, Angola",-8.8272699,13.2439512
"""A �nica Mulher""","Luanda, Angola",-8.8272699,13.2439512
"""A �nica Mulher""","Luanda, Angola",-8.8272699,13.2439512
"""A �nica Mulher""","Luanda, Angola",-8.8272699,13.2439512
"""A �nica Mulher""","Luanda, Angola",-8.8272699,13.2439512
"""A �nica Mulher""","Luanda, Angola",-8.8272699,13.2439512
"""A �nica Mulher""","Luanda, Angola",-8.8272699,13.2439512
"""A �nica Mulher""","Luanda, Angola",-8.8272699,13.2439512
"""A �nica Mulher""","Luanda, Angola",-8.8272699,13.2439512
"""A �nica Mulher""","Luanda, Angola",-8.8272699,13.2439512
"""A �nica Mulher""","Luanda, Angola",-8.8272699,13.2439512
"""A �nica Mulher""","Luanda, Angola",-8.8272699,13.2439512
"""A �nica Mulher""","Luanda, Angola",-8.8272699,13.2439512
"""A �nica Mulher""","Luanda, Angola",-8.8272699,13.2439512
"""A �nica Mulher""","Luanda, Angola",-8.8272699,13.2439512
"""A �nica Mulher""","Luanda, Angola",-8.8272699,13.2439512
"""A �nica Mulher""","Luanda, Angola",-8.8272699,13.2439512
"""A �nica Mulher""","Luanda, Angola",-8.8272699,13.2439512
"""A �nica Mulher""","Luanda, Angola",-8.8272699,13.2439512
"""A �nica Mulher""","Luanda, Angola",-8.8272699,13.2439512
"""A �nica Mulher""","Luanda, Angola",-8.8272699,13.2439512
"""A �nica Mulher""","Luanda, Angola",-8.8272699,13.2439512
"""A �nica Mulher""","Luanda, Angola",-8.8272699,13.2439512
"""A �nica Mulher""","Luanda, Angola",-8.8272699,13.2439512
"""A �nica Mulher""","Luanda, Angola",-8.8272699,13.2439512
"""A �nica Mulher""","Luanda, Angola",-8.8272699,13.2439512
"""A �nica Mulher""","Luanda, Angola",-8.8272699,13.2439512
"""A �nica Mulher""","Luanda, Angola",-8.8272699,13.2439512
"""A �nica Mulher""","Luanda, Angola",-8.8272699,13.2439512
"""A �nica Mulher""","Luanda, Angola",-8.8272699,13.2439512
"""A �nica Mulher""","Luanda, Angola",-8.8272699,13.2439512
"""A.E.G.I.S. Tales Radio Adventures""",USA,39.7837304,-100.445882
"""ABC123Songs""",USA,39.7837304,-100.445882
"""ABC123Songs""","Los Angeles, California, USA",34.0536909,-118.242766
"""ANKE denkt na..""","Amsterdam, Netherlands",52.3727598,4.8936041
"""ANKE denkt na..""",Netherlands,52.2288689,5.3214503
"""AXSTV Concerts: Hosted by Mark Cuban""","The Bomb Factory, 2713 Canton St, Dallas, Texas, USA",32.78239045,-96.78374808722413
"""AXSTV Concerts: Hosted by Mark Cuban""",USA,39.7837304,-100.445882
"""Abandoned""","Sydney, New South Wales, Australia",-33.8548157,151.2164539
"""Abandonware""","Toronto, Ontario, Canada",43.6534817,-79.3839347
"""Ablutionary Rite""",USA,39.7837304,-100.445882
"""Ablutionary Rite""",Mexico,23.6585116,-102.0077097
"""Aborrescentes""",Brazil,-10.3333333,-53.2
"""Aborrescentes""","Rio de Janeiro, Rio de Janeiro, Brazil",-22.9110137,-43.2093727
"""AbsurdTV Show""","Whittier, California, USA",33.9708782,-118.030839
"""AbsurdTV Show""",USA,39.7837304,-100.445882
"""AbsurdTV Show""",USA,39.7837304,-100.445882
"""AbsurdTV Show""","Los Angeles, California, USA",34.0536909,-118.242766
"""AbsurdTV Show""","Whittier, California, USA",33.9708782,-118.030839
"""AbsurdTV Show""",USA,39.7837304,-100.445882
"""AbsurdTV Show""",USA,39.7837304,-100.445882
"""AbsurdTV Show""","Upland, California, USA",34.09751,-117.6483876
"""AbsurdTV Show""","Whittier, California, USA",33.9708782,-118.030839
"""AbsurdTV Show""",USA,39.7837304,-100.445882
"""AbsurdTV Show""","Whittier, California, USA",33.9708782,-118.030839
"""AbsurdTV Show""",USA,39.7837304,-100.445882
"""AbsurdTV Show""","Whittier, California, USA",33.9708782,-118.030839
"""AbsurdTV Show""",USA,39.7837304,-100.445882
"""Aby Cho""",Russia,64.6863136,97.7453061
"""Aby Cho""","Krasnodar, Russia",45.7684014,39.0261044
"""Acapulco Shore""","Acapulco, Guerrero, Mexico",16.8680495,-99.8940182
"""Acapulco Shore""",Mexico,23.6585116,-102.0077097
"""Acapulco Shore""","Playa del Carmen, Solidaridad, Quintana Roo, Mexico",20.6308643,-87.0779503
"""Acapulco Shore""",Mexico,23.6585116,-102.0077097
"""Accidentally Exercising""",USA,39.7837304,-100.445882
"""Accidentally Exercising""","Los Angeles, California, USA",34.0536909,-118.242766
"""Accidentally Funny: Live from Florida""",USA,39.7837304,-100.445882
"""Accidentally Funny: Live from Florida""","Florida, USA",27.7567667,-81.4639835
"""Aci Ask""","Istanbul, Turkey",41.0091982,28.9662187
"""Acil Ask Araniyor""","Istanbul, Turkey",41.0091982,28.9662187
"""ActEd Online""","Toronto, Ontario, Canada",43.6534817,-79.3839347
"""Acting Out!""",USA,39.7837304,-100.445882
"""Acting Out!""","Los Angeles, California, USA",34.0536909,-118.242766
"""Acting! The Saga Continues""","Lake Jackson, Texas, USA",29.0338575,-95.4343859
"""Acting! The Saga Continues""",USA,39.7837304,-100.445882
"""Actor's Scope""",USA,39.7837304,-100.445882
"""Actor's Scope""","Atlanta Georgia, USA",33.7489924,-84.3902644
"""Actresses and Animals""",USA,39.7837304,-100.445882
"""Actresses and Animals""","Los Angeles, California, USA",34.0536909,-118.242766
"""Adam Green's Scary Sleepover""","Hollywood, California, USA",34.0980031,-118.329523
"""Adam Green's Scary Sleepover""",USA,39.7837304,-100.445882
"""Adam Green's Scary Sleepover""","Hollywood, California, USA",34.0980031,-118.329523
"""Adam Green's Scary Sleepover""",USA,39.7837304,-100.445882
"""Adam Ruins Everything""",USA,39.7837304,-100.445882
"""Adam Ruins Everything""",USA,39.7837304,-100.445882
"""Adam Ruins Everything""",USA,39.7837304,-100.445882
"""Adam Ruins Everything""",USA,39.7837304,-100.445882
"""Adam Ruins Everything""",USA,39.7837304,-100.445882
"""Adam Ruins Everything""","Santa Clarita, California, USA",34.3916641,-118.542586
"""Adam Ruins Everything""",USA,39.7837304,-100.445882
"""Adam Ruins Everything""","Los Angeles Department of Water and Power 111 N Hope St Los Angeles, California, USA",34.058127999999996,-118.24952473234083
"""Adam Ruins Everything""","Los Angeles, California, USA",34.0536909,-118.242766
"""Adam Ruins Everything""",USA,39.7837304,-100.445882
"""Adam""",USA,39.7837304,-100.445882
"""Adam""","Princeton, New Jersey, USA",40.3492744,-74.6592958
"""Adhuri Kahaani Hamari""","Mumbai, Maharashtra, India",19.0759899,72.8773928
"""Adi Mutluluk""","Istanbul, Turkey",41.0091982,28.9662187
"""Adi Mutluluk""","Izmir, Turkey",38.4147331,27.1434119
"""AdventureCouch""",USA,39.7837304,-100.445882
"""AdventureCouch""","Florida, USA",27.7567667,-81.4639835
"""Adventures to the Edge""","Kilimanjaro, Tanzania",-3.0764084,37.3539987
"""Africa and Ottomans""","Istanbul, Turkey",41.0091982,28.9662187
"""Africa and Ottomans""","Zanzibar, Tanzania",-6.09994425,39.32094431715264
"""Africa and Ottomans""","Agadez, Niger",16.972556,7.990739
"""Africa and Ottomans""","Cape Town, Western Cape, South Africa",-33.928992,18.417396
"""Africa and Ottomans""","Lagos, Nigeria",6.4550575,3.3941795
"""After Dark with Julian Clark""","Hollywood, California, USA",34.0980031,-118.329523
"""After Dark with Julian Clark""",USA,39.7837304,-100.445882
"""After Dark with Julian Clark""",USA,39.7837304,-100.445882
"""After Dark with Julian Clark""","Los Angeles, California, USA",34.0536909,-118.242766
"""After Dark with Julian Clark""",USA,39.7837304,-100.445882
"""After Dark with Julian Clark""","Los Angeles, California, USA",34.0536909,-118.242766
"""After Ever After""","New York City, New York, USA",40.7127281,-74.0060152
"""After Ever After""",USA,39.7837304,-100.445882
"""After the Applause""",Hong Kong,22.2793278,114.1628131
"""After the Fairytale""","London, England, UK",51.5073219,-0.1276474
"""After the Fairytale""",UK,54.7023545,-3.2765753
"""Aftermath""",USA,39.7837304,-100.445882
"""Aftermath""","Phoenix, Arizona, USA",33.4484367,-112.0741417
"""Afternoon Delight Live on Hollywood and Vine""",USA,39.7837304,-100.445882
"""Afternoon Delight Live on Hollywood and Vine""","Los Angeles, California, USA",34.0536909,-118.242766
"""Afternoon Delight Live on Hollywood and Vine""","Hollywood, Los Angeles, California, USA",34.0980031,-118.329523
"""Agent Carter""",USA,39.7837304,-100.445882
"""Agent Carter""","Los Angeles, California, USA",34.0536909,-118.242766
"""Agent Carter""",USA,39.7837304,-100.445882
"""Agent Carter""",USA,39.7837304,-100.445882
"""Agent Carter""",USA,39.7837304,-100.445882
"""Agent Carter""","Santa Clarita, California, USA",34.3916641,-118.542586
"""Agent Carter""",USA,39.7837304,-100.445882
"""Agent Carter""","Griffith Park - 4730 Crystal Springs Drive, Los Angeles, California, USA",34.121879199999995,-118.27341878995601
"""Agent Carter""","Los Angeles, California, USA",34.0536909,-118.242766
"""Agent Carter""",USA,39.7837304,-100.445882
"""Agent Carter""","Santa Clarita, California, USA",34.3916641,-118.542586
"""Agent Carter""",USA,39.7837304,-100.445882
"""Agent Carter""","Los Angeles, California, USA",34.0536909,-118.242766
"""Agent Carter""","Biltmore Hotel - 506 S. Grand Avenue, Downtown, Los Angeles, California, USA",34.0493043,-118.25351736131176
"""Agent Carter""",USA,39.7837304,-100.445882
"""Agent Carter""","Los Angeles, California, USA",34.0536909,-118.242766
"""Agent Carter""",USA,39.7837304,-100.445882
"""Agent Carter""","Los Angeles, California, USA",34.0536909,-118.242766
"""Agent Carter""","Hollywood, Los Angeles, California, USA",34.0980031,-118.329523
"""Agent Carter""",USA,39.7837304,-100.445882
"""Agent Carter""",USA,39.7837304,-100.445882
"""Agent Carter""",USA,39.7837304,-100.445882
"""Agent X""","Vancouver, British Columbia, Canada",49.2608724,-123.113952
"""Agents of S.H.I.E.L.D. After Show""","Hollywood, California, USA",34.0980031,-118.329523
"""Agents of S.H.I.E.L.D. After Show""",USA,39.7837304,-100.445882
"""Agnes & Estelle""",USA,39.7837304,-100.445882
"""Agnes & Estelle""","Los Angeles, California, USA",34.0536909,-118.242766
"""Agora Escolha""","Lisbon, Portugal",38.7077507,-9.1365919
"""Agora a S�rio""","Porto, Portugal",41.1494512,-8.6107884
"""Agrofolie""","Moncton, New Brunswick, Canada",46.097995,-64.80011
"""Agrofolie""","New-Brunswick, Canada",46.500283,-66.750183
"""Agrofolie""","Kapuskasing, Ontario, Canada",49.416667,-82.433333
"""Air Ambulance ER""",UK,54.7023545,-3.2765753
"""Airport Security: Colombia""","Bogot�, Colombia",47.2520154,16.8294953
"""Alesia: Ground Zero""",France,46.603354,1.8883335
"""Alesia: Ground Zero""",USA,39.7837304,-100.445882
"""Alesia: Ground Zero""","Los Angeles, California, USA",34.0536909,-118.242766
"""Alibi Boys""","Naples, Florida, USA",26.1421976,-81.7942944
"""Alibi Boys""",USA,39.7837304,-100.445882
"""Alibi Boys""","Florida, USA",27.7567667,-81.4639835
"""All Downhill from Here""",USA,39.7837304,-100.445882
"""All Downhill from Here""","Martha's Vineyard, Massachusetts, USA",41.3918832,-70.62085427857699
"""All Things Connecticut""","Connecticut, USA",41.6500201,-72.7342163
"""All Things Connecticut""",USA,39.7837304,-100.445882
"""All for Love: Meet The Pierres""",USA,39.7837304,-100.445882
"""All for Love: Meet The Pierres""","Los Angeles, California, USA",34.0536909,-118.242766
"""Allegiance""",USA,39.7837304,-100.445882
"""Allegiance""","Philadelphia, Pennsylvania, USA",39.9527237,-75.1635262
"""Allegiance""",USA,39.7837304,-100.445882
"""Allegiance""","Philadelphia, Pennsylvania, USA",39.9527237,-75.1635262
"""Allegiance""","Comcast Center, Philadelphia, Pennsylvania, USA",39.95471565,-75.16849989483924
"""Allegiance""",USA,39.7837304,-100.445882
"""Allegiance""","Philadelphia, Pennsylvania, USA",39.9527237,-75.1635262
"""Allegiance""","30th Street Station - 3001 Market Street, Philadelphia, Pennsylvania, USA",39.9552836,-75.1821442
"""Allegiance""",USA,39.7837304,-100.445882
"""Allegiance""","Philadelphia, Pennsylvania, USA",39.9527237,-75.1635262
"""Allegiance""","Masonic Temple, Philadelphia, Pennsylvania, USA",39.9536203,-75.16265719351644
"""Allegiance""","New York City, New York, USA",40.7127281,-74.0060152
"""Allegiance""",USA,39.7837304,-100.445882
"""Allegiance""",USA,39.7837304,-100.445882
"""Allegiance""","Philadelphia, Pennsylvania, USA",39.9527237,-75.1635262
"""Allegiance""",USA,39.7837304,-100.445882
"""Allegiance""","Philadelphia, Pennsylvania, USA",39.9527237,-75.1635262
"""Allegiance""",USA,39.7837304,-100.445882
"""Allegiance""","Philadelphia, Pennsylvania, USA",39.9527237,-75.1635262
"""Allegiance""",USA,39.7837304,-100.445882
"""Allegiance""","Philadelphia, Pennsylvania, USA",39.9527237,-75.1635262
"""Allegiance""",USA,39.7837304,-100.445882
"""Allegiance""","Philadelphia, Pennsylvania, USA",39.9527237,-75.1635262
"""Allegiance""",USA,39.7837304,-100.445882
"""Allegiance""","Philadelphia, Pennsylvania, USA",39.9527237,-75.1635262
"""Allegiance""",USA,39.7837304,-100.445882
"""Allegiance""","Philadelphia, Pennsylvania, USA",39.9527237,-75.1635262
"""Allegiance""",USA,39.7837304,-100.445882
"""Allegiance""","Philadelphia, Pennsylvania, USA",39.9527237,-75.1635262
"""Allegiance""",USA,39.7837304,-100.445882
"""Allegiance""","Philadelphia, Pennsylvania, USA",39.9527237,-75.1635262
"""Allegiance""",USA,39.7837304,-100.445882
"""Allegiance""","Philadelphia, Pennsylvania, USA",39.9527237,-75.1635262
"""Allegiance""",USA,39.7837304,-100.445882
"""Allegiance""","Philadelphia, Pennsylvania, USA",39.9527237,-75.1635262
"""Allegiance""","New York City, New York, USA",40.7127281,-74.0060152
"""Allegiance""",USA,39.7837304,-100.445882
"""Allegiance""",USA,39.7837304,-100.445882
"""Allegiance""","Philadelphia, Pennsylvania, USA",39.9527237,-75.1635262
